,id,stage_name
0,611758ba-6e77-4323-8a4b-d203715777b7,0
1,bab2c129-8c7d-49bb-bb02-84c08581915a,0
2,2bad203e-f391-40f9-8c6b-846efdafc0e1,0
3,39a16ba0-29b6-49fc-87c3-f533d09e5ca9,0
4,22247dcf-453b-41ec-87c8-d5de824346b6,0
5,1a1e9275-c4bc-4a00-ab91-c8c623555683,0
6,dcab2c2e-9f11-49fc-9250-345ccbfbe2a3,0
7,03a5305d-4f64-4f9a-81da-d3da889cfd3c,0
8,0dfbb095-b0cd-498e-a01a-787015aa630b,0
9,24808eff-f7a6-4619-bdcf-6e1735ec6ca9,0
10,50ef96f0-13dc-40fd-864e-fb84ccb59e44,1
11,a1e9aa2c-b84c-432a-b618-e3da8786b35f,1
12,b6b3bb3f-255c-4ae0-9af7-00cbb892ec93,1
13,44f80cec-6dd9-4179-8ca3-9079f0af1197,1
14,24808eff-f7a6-4619-bdcf-6e1735ec6ca9,1
15,f0b1282c-5c95-48ae-93f8-73d80dc78244,1
16,7b9a7adf-d9b8-412e-8836-c269cd6df127,1
17,ea62e53b-3060-4c01-80ba-a681afbe9884,1
18,40372bed-5f97-4e10-8d20-0f1f46a4160c,1
19,39a16ba0-29b6-49fc-87c3-f533d09e5ca9,1
20,f2ad41b2-29f0-4dfb-ab6f-db947bafe2c2,1
21,3a93601a-6754-4e98-abcb-7960782484bb,1
22,4a438be3-c76e-4a23-ac9d-7ecf94482cc6,1
23,ff70b4d2-a056-486c-8e44-5ceefa4d113f,1
24,f6e6530b-d0a4-45d2-b943-ffb6bf81fa16,1
25,e50b8d09-34d4-4e48-8cd6-fa796e4e873e,1
26,41002a17-0b92-4d5c-ad0e-dd6b195c397c,1
27,18a6b8f7-a880-4142-a463-2dc95316c3a1,1
28,89a1f820-9719-4085-aa1b-f058c3b3442e,1
29,2e646ea0-fde6-48be-b45d-36786ababfd4,1
30,dcab2c2e-9f11-49fc-9250-345ccbfbe2a3,1
31,0468f18c-b0d7-4fd2-b059-d407306d1515,1
32,ea501f43-ff31-47e4-939e-64a05101b8a5,1
33,e4a1da66-1223-45f8-8cc6-03ada771d835,1
34,680ff6d7-2bbd-4915-92b4-7fbebb5c2798,1
35,85268050-f38c-41a7-bf0a-1b94941a1ec5,1
36,bab2c129-8c7d-49bb-bb02-84c08581915a,1
37,d4e215b5-8373-4118-bc64-8a2f7872655b,1
38,900bd8b3-c93d-4c39-b27c-5f50c268ce81,1
39,357d18e9-52a7-4c39-aab6-9fe6cedd0571,1
40,067ddf35-4612-4d07-9339-215da1672f72,1
41,0035c5bb-5704-4a5a-9f53-dea0b9513ba6,1
42,bd24d25d-9619-47ad-aa50-7929742b5a10,1
43,0a171071-b821-4f37-8cfe-9fec6b34391a,1
44,03a5305d-4f64-4f9a-81da-d3da889cfd3c,1
45,768159d9-8da4-4004-8ca5-b40a0969ae53,1
46,5aed3aae-857b-4fde-bd39-fa7a9a784b8e,1
47,0dfbb095-b0cd-498e-a01a-787015aa630b,1
48,4b1c108d-8b62-4e1e-b774-cc923a888799,1
49,c8a777a2-4067-406e-a1ec-d93de720c4bc,1
50,98d2595f-3c33-4701-afea-fff5b586127d,1
51,4f383912-0ee6-4bc2-a82f-4be6f9514713,1
52,5aed3aae-857b-4fde-bd39-fa7a9a784b8e,2
53,39a16ba0-29b6-49fc-87c3-f533d09e5ca9,2
54,e50b8d09-34d4-4e48-8cd6-fa796e4e873e,2
55,ff70b4d2-a056-486c-8e44-5ceefa4d113f,2
56,f0b1282c-5c95-48ae-93f8-73d80dc78244,2
57,3a93601a-6754-4e98-abcb-7960782484bb,2
58,40372bed-5f97-4e10-8d20-0f1f46a4160c,2
59,7b9a7adf-d9b8-412e-8836-c269cd6df127,2
60,bab2c129-8c7d-49bb-bb02-84c08581915a,2
61,24808eff-f7a6-4619-bdcf-6e1735ec6ca9,2
62,0a171071-b821-4f37-8cfe-9fec6b34391a,2
63,d4e215b5-8373-4118-bc64-8a2f7872655b,2
64,44f80cec-6dd9-4179-8ca3-9079f0af1197,2
65,f2ad41b2-29f0-4dfb-ab6f-db947bafe2c2,2
66,f6e6530b-d0a4-45d2-b943-ffb6bf81fa16,2
67,b6b3bb3f-255c-4ae0-9af7-00cbb892ec93,2
68,ea62e53b-3060-4c01-80ba-a681afbe9884,2
69,e4a1da66-1223-45f8-8cc6-03ada771d835,2
70,98d2595f-3c33-4701-afea-fff5b586127d,2
71,50ef96f0-13dc-40fd-864e-fb84ccb59e44,2
72,a1e9aa2c-b84c-432a-b618-e3da8786b35f,2
73,067ddf35-4612-4d07-9339-215da1672f72,2
74,768159d9-8da4-4004-8ca5-b40a0969ae53,2
75,89a1f820-9719-4085-aa1b-f058c3b3442e,2
76,4f383912-0ee6-4bc2-a82f-4be6f9514713,2
77,41002a17-0b92-4d5c-ad0e-dd6b195c397c,2
78,dcab2c2e-9f11-49fc-9250-345ccbfbe2a3,2
79,18a6b8f7-a880-4142-a463-2dc95316c3a1,2
80,900bd8b3-c93d-4c39-b27c-5f50c268ce81,2
81,4a438be3-c76e-4a23-ac9d-7ecf94482cc6,2
82,2e646ea0-fde6-48be-b45d-36786ababfd4,2
83,03a5305d-4f64-4f9a-81da-d3da889cfd3c,2
84,680ff6d7-2bbd-4915-92b4-7fbebb5c2798,2
85,85268050-f38c-41a7-bf0a-1b94941a1ec5,2
86,bd24d25d-9619-47ad-aa50-7929742b5a10,2
87,357d18e9-52a7-4c39-aab6-9fe6cedd0571,2
88,0035c5bb-5704-4a5a-9f53-dea0b9513ba6,2
89,0468f18c-b0d7-4fd2-b059-d407306d1515,2
90,4b1c108d-8b62-4e1e-b774-cc923a888799,2
91,c8a777a2-4067-406e-a1ec-d93de720c4bc,2
92,0dfbb095-b0cd-498e-a01a-787015aa630b,2
93,ea501f43-ff31-47e4-939e-64a05101b8a5,2
